Date-Time,Value,Unit,Commodity
1/1/24,203.8791304,Cents per Pound,Coffee
12/1/23,210.3104762,Cents per Pound,Coffee
11/1/23,197.4331818,Cents per Pound,Coffee
10/1/23,183.9513636,Cents per Pound,Coffee
9/1/23,183.5890476,Cents per Pound,Coffee
8/1/23,186.3469565,Cents per Pound,Coffee
7/1/23,193.4942857,Cents per Pound,Coffee
6/1/23,207.385,Cents per Pound,Coffee
5/1/23,220.1213043,Cents per Pound,Coffee
4/1/23,229.9555,Cents per Pound,Coffee
3/1/23,222.663913,Cents per Pound,Coffee
2/1/23,229.506,Cents per Pound,Coffee
1/1/23,206.76,Cents per Pound,Coffee
12/1/22,210.3886364,Cents per Pound,Coffee
11/1/22,213.7181818,Cents per Pound,Coffee
10/1/22,240.082381,Cents per Pound,Coffee
9/1/22,267.4922727,Cents per Pound,Coffee
8/1/22,268.4834783,Cents per Pound,Coffee
7/1/22,255.9066667,Cents per Pound,Coffee
6/1/22,273.7636364,Cents per Pound,Coffee
5/1/22,260.4495455,Cents per Pound,Coffee
4/1/22,265.397619,Cents per Pound,Coffee
3/1/22,258.9934783,Cents per Pound,Coffee
2/1/22,279.8335,Cents per Pound,Coffee
1/1/22,271.0814286,Cents per Pound,Coffee
12/1/21,268.3291304,Cents per Pound,Coffee
11/1/21,258.9781818,Cents per Pound,Coffee
10/1/21,241.0733333,Cents per Pound,Coffee
9/1/21,225.5368182,Cents per Pound,Coffee
8/1/21,216.4345455,Cents per Pound,Coffee
7/1/21,204.5009091,Cents per Pound,Coffee
6/1/21,192.0645455,Cents per Pound,Coffee
5/1/21,186.4628571,Cents per Pound,Coffee
4/1/21,168.6486364,Cents per Pound,Coffee
3/1/21,167.0508696,Cents per Pound,Coffee
2/1/21,166.429,Cents per Pound,Coffee
1/1/21,160.8195238,Cents per Pound,Coffee
12/1/20,157.9526087,Cents per Pound,Coffee
11/1/20,150.7261905,Cents per Pound,Coffee
10/1/20,152.0568182,Cents per Pound,Coffee
9/1/20,166.5645455,Cents per Pound,Coffee
8/1/20,163.0714286,Cents per Pound,Coffee
7/1/20,146.7808696,Cents per Pound,Coffee
6/1/20,141.52,Cents per Pound,Coffee
5/1/20,149.9161905,Cents per Pound,Coffee
4/1/20,154.6304545,Cents per Pound,Coffee
3/1/20,148.3272727,Cents per Pound,Coffee
2/1/20,135.5005,Cents per Pound,Coffee
1/1/20,142.9365217,Cents per Pound,Coffee
12/1/19,156.0290909,Cents per Pound,Coffee
11/1/19,140.9814286,Cents per Pound,Coffee
10/1/19,127.0513043,Cents per Pound,Coffee
9/1/19,128.8942857,Cents per Pound,Coffee
8/1/19,126.2795455,Cents per Pound,Coffee
7/1/19,135.4704348,Cents per Pound,Coffee
6/1/19,129.7235,Cents per Pound,Coffee
5/1/19,120.5491304,Cents per Pound,Coffee
4/1/19,120.9904545,Cents per Pound,Coffee
3/1/19,123.8885714,Cents per Pound,Coffee
2/1/19,128.454,Cents per Pound,Coffee
1/1/19,128.3573913,Cents per Pound,Coffee
12/1/18,127.0585714,Cents per Pound,Coffee
11/1/18,137.1077273,Cents per Pound,Coffee
10/1/18,137.3417391,Cents per Pound,Coffee
9/1/18,121.18,Cents per Pound,Coffee
8/1/18,125.2108696,Cents per Pound,Coffee
7/1/18,130.5986364,Cents per Pound,Coffee
6/1/18,134.0338095,Cents per Pound,Coffee
5/1/18,135.6095652,Cents per Pound,Coffee
4/1/18,134.3395238,Cents per Pound,Coffee
3/1/18,134.9390909,Cents per Pound,Coffee
2/1/18,136.2835,Cents per Pound,Coffee
1/1/18,138.876087,Cents per Pound,Coffee
12/1/17,137.3061905,Cents per Pound,Coffee
11/1/17,140.9040909,Cents per Pound,Coffee
10/1/17,140.7095455,Cents per Pound,Coffee
9/1/17,146.5604762,Cents per Pound,Coffee
8/1/17,149.8773913,Cents per Pound,Coffee
7/1/17,149.8028571,Cents per Pound,Coffee
6/1/17,143.2227273,Cents per Pound,Coffee
5/1/17,150,Cents per Pound,Coffee
4/1/17,155.574,Cents per Pound,Coffee
3/1/17,160.1504348,Cents per Pound,Coffee
2/1/17,166.351,Cents per Pound,Coffee
1/1/17,168.6127273,Cents per Pound,Coffee
12/1/16,161.7809091,Cents per Pound,Coffee
11/1/16,184.1154545,Cents per Pound,Coffee
10/1/16,178.9552381,Cents per Pound,Coffee
9/1/16,176.2954545,Cents per Pound,Coffee
8/1/16,167.5413043,Cents per Pound,Coffee
7/1/16,171.7638095,Cents per Pound,Coffee
6/1/16,165.4522727,Cents per Pound,Coffee
5/1/16,155.1945455,Cents per Pound,Coffee
4/1/16,154.217619,Cents per Pound,Coffee
3/1/16,157.6313043,Cents per Pound,Coffee
2/1/16,147.6971429,Cents per Pound,Coffee
1/1/16,145.4347619,Cents per Pound,Coffee
12/1/15,148.6121739,Cents per Pound,Coffee
11/1/15,147.9785714,Cents per Pound,Coffee
10/1/15,153.2504545,Cents per Pound,Coffee
9/1/15,146.1468182,Cents per Pound,Coffee
8/1/15,156.9233333,Cents per Pound,Coffee
7/1/15,154.4465217,Cents per Pound,Coffee
6/1/15,159.755,Cents per Pound,Coffee
5/1/15,158.4828571,Cents per Pound,Coffee
4/1/15,163.9977273,Cents per Pound,Coffee
3/1/15,160.7359091,Cents per Pound,Coffee
2/1/15,178.8885,Cents per Pound,Coffee
1/1/15,189.6263636,Cents per Pound,Coffee
12/1/14,193.386087,Cents per Pound,Coffee
11/1/14,209.376,Cents per Pound,Coffee
10/1/14,225.2856522,Cents per Pound,Coffee
9/1/14,210.5263636,Cents per Pound,Coffee
8/1/14,212.9652381,Cents per Pound,Coffee
7/1/14,196.8952174,Cents per Pound,Coffee
6/1/14,197.8909524,Cents per Pound,Coffee
5/1/14,214.2027273,Cents per Pound,Coffee
4/1/14,223.4940909,Cents per Pound,Coffee
3/1/14,214.0866667,Cents per Pound,Coffee
2/1/14,173.6435,Cents per Pound,Coffee
1/1/14,132.5182609,Cents per Pound,Coffee
12/1/13,125.7354545,Cents per Pound,Coffee
11/1/13,122.0180952,Cents per Pound,Coffee
10/1/13,128.6986957,Cents per Pound,Coffee
9/1/13,132.2814286,Cents per Pound,Coffee
8/1/13,135.1540909,Cents per Pound,Coffee
7/1/13,138.3873913,Cents per Pound,Coffee
6/1/13,138.2595,Cents per Pound,Coffee
5/1/13,147.186087,Cents per Pound,Coffee
4/1/13,149.7868182,Cents per Pound,Coffee
3/1/13,149.8080952,Cents per Pound,Coffee
2/1/13,149.459,Cents per Pound,Coffee
1/1/13,157.0373913,Cents per Pound,Coffee
12/1/12,152.707619,Cents per Pound,Coffee
11/1/12,159.9063636,Cents per Pound,Coffee
10/1/12,173.3173913,Cents per Pound,Coffee
9/1/12,178.977,Cents per Pound,Coffee
8/1/12,174.8243478,Cents per Pound,Coffee
7/1/12,190.4459091,Cents per Pound,Coffee
6/1/12,168.6866667,Cents per Pound,Coffee
5/1/12,184.3647826,Cents per Pound,Coffee
4/1/12,191.4485714,Cents per Pound,Coffee
3/1/12,201.2559091,Cents per Pound,Coffee
2/1/12,224.157619,Cents per Pound,Coffee
1/1/12,237.2068182,Cents per Pound,Coffee
12/1/11,236.2977273,Cents per Pound,Coffee
11/1/11,245.0872727,Cents per Pound,Coffee
10/1/11,247.8238095,Cents per Pound,Coffee
9/1/11,274.8804545,Cents per Pound,Coffee
8/1/11,270.4404348,Cents per Pound,Coffee
7/1/11,268.0214286,Cents per Pound,Coffee
6/1/11,274.9809091,Cents per Pound,Coffee
5/1/11,291.0659091,Cents per Pound,Coffee
4/1/11,300.4771429,Cents per Pound,Coffee
3/1/11,292.0673913,Cents per Pound,Coffee
2/1/11,288.3885,Cents per Pound,Coffee
1/1/11,263.7657143,Cents per Pound,Coffee
12/1/10,249.443913,Cents per Pound,Coffee
11/1/10,233.5127273,Cents per Pound,Coffee
10/1/10,217.4390476,Cents per Pound,Coffee
9/1/10,222.7131818,Cents per Pound,Coffee
8/1/10,211.59,Cents per Pound,Coffee
7/1/10,203.2136364,Cents per Pound,Coffee
6/1/10,190.9031818,Cents per Pound,Coffee
5/1/10,173.3690476,Cents per Pound,Coffee
4/1/10,169.3895455,Cents per Pound,Coffee
3/1/10,164.5026087,Cents per Pound,Coffee
2/1/10,157.8565,Cents per Pound,Coffee
1/1/10,158.6557143,Cents per Pound,Coffee
12/1/09,157.943913,Cents per Pound,Coffee
11/1/09,152.2104762,Cents per Pound,Coffee
10/1/09,154.5722727,Cents per Pound,Coffee
9/1/09,148.51,Cents per Pound,Coffee
8/1/09,149.7619048,Cents per Pound,Coffee
7/1/09,140.8978261,Cents per Pound,Coffee
6/1/09,149.7813636,Cents per Pound,Coffee
5/1/09,150.492381,Cents per Pound,Coffee
4/1/09,135.0781818,Cents per Pound,Coffee
3/1/09,128.52,Cents per Pound,Coffee
2/1/09,129.4815,Cents per Pound,Coffee
1/1/09,127.8072727,Cents per Pound,Coffee
12/1/08,118.7921739,Cents per Pound,Coffee
11/1/08,121.886,Cents per Pound,Coffee
10/1/08,123.5869565,Cents per Pound,Coffee
9/1/08,143.2690909,Cents per Pound,Coffee
8/1/08,146.4280952,Cents per Pound,Coffee
7/1/08,147.3569565,Cents per Pound,Coffee
6/1/08,146.1495238,Cents per Pound,Coffee
5/1/08,142.0436364,Cents per Pound,Coffee
4/1/08,140.7045455,Cents per Pound,Coffee
3/1/08,149.2204762,Cents per Pound,Coffee
2/1/08,157.2895238,Cents per Pound,Coffee
1/1/08,139.8226087,Cents per Pound,Coffee
12/1/07,138.0428571,Cents per Pound,Coffee
11/1/07,131.0454545,Cents per Pound,Coffee
10/1/07,134.2908696,Cents per Pound,Coffee
9/1/07,128.0435,Cents per Pound,Coffee
8/1/07,123.1508696,Cents per Pound,Coffee
7/1/07,117.6331818,Cents per Pound,Coffee
6/1/07,119.3280952,Cents per Pound,Coffee
5/1/07,113.3269565,Cents per Pound,Coffee
4/1/07,114.6947619,Cents per Pound,Coffee
3/1/07,117.0836364,Cents per Pound,Coffee
2/1/07,122.032,Cents per Pound,Coffee
1/1/07,124.6943478,Cents per Pound,Coffee
12/1/06,128.3561905,Cents per Pound,Coffee
11/1/06,122.2654545,Cents per Pound,Coffee
10/1/06,110.6331818,Cents per Pound,Coffee
9/1/06,109.8266667,Cents per Pound,Coffee
8/1/06,111.73,Cents per Pound,Coffee
7/1/06,104.997619,Cents per Pound,Coffee
6/1/06,103.1495455,Cents per Pound,Coffee
5/1/06,109.6295652,Cents per Pound,Coffee
4/1/06,115.3375,Cents per Pound,Coffee
3/1/06,113.6604348,Cents per Pound,Coffee
2/1/06,119.1215,Cents per Pound,Coffee
1/1/06,124.1986364,Cents per Pound,Coffee
12/1/05,105.9245455,Cents per Pound,Coffee
11/1/05,107.7422727,Cents per Pound,Coffee
10/1/05,105.0990476,Cents per Pound,Coffee
9/1/05,99.49090909,Cents per Pound,Coffee
8/1/05,108.203913,Cents per Pound,Coffee
7/1/05,109.9285714,Cents per Pound,Coffee
6/1/05,121.1559091,Cents per Pound,Coffee
5/1/05,128.3977273,Cents per Pound,Coffee
4/1/05,129.5295238,Cents per Pound,Coffee
3/1/05,134.7778261,Cents per Pound,Coffee
2/1/05,120.8325,Cents per Pound,Coffee
1/1/05,107.1642857,Cents per Pound,Coffee
12/1/04,104.3882609,Cents per Pound,Coffee
11/1/04,90.26772727,Cents per Pound,Coffee
10/1/04,80.55095238,Cents per Pound,Coffee
9/1/04,80.46590909,Cents per Pound,Coffee
8/1/04,73.60818182,Cents per Pound,Coffee
7/1/04,74.96772727,Cents per Pound,Coffee
6/1/04,82.21454545,Cents per Pound,Coffee
5/1/04,77.44,Cents per Pound,Coffee
4/1/04,75.53772727,Cents per Pound,Coffee
3/1/04,78.05913043,Cents per Pound,Coffee
2/1/04,76.2255,Cents per Pound,Coffee
1/1/04,72.02863636,Cents per Pound,Coffee
12/1/03,64.88434783,Cents per Pound,Coffee
11/1/03,62.2775,Cents per Pound,Coffee
10/1/03,64.28347826,Cents per Pound,Coffee
9/1/03,66.41045455,Cents per Pound,Coffee
8/1/03,63.89142857,Cents per Pound,Coffee
7/1/03,62.95130435,Cents per Pound,Coffee
6/1/03,61.04666667,Cents per Pound,Coffee
5/1/03,66.09681818,Cents per Pound,Coffee
4/1/03,64.69227273,Cents per Pound,Coffee
3/1/03,61.74809524,Cents per Pound,Coffee
2/1/03,66.4085,Cents per Pound,Coffee
1/1/03,65.38347826,Cents per Pound,Coffee
12/1/02,63.65590909,Cents per Pound,Coffee
11/1/02,69.86809524,Cents per Pound,Coffee
10/1/02,65.73086957,Cents per Pound,Coffee
9/1/02,60.66619048,Cents per Pound,Coffee
8/1/02,54.36409091,Cents per Pound,Coffee
7/1/02,56.4773913,Cents per Pound,Coffee
6/1/02,58.5555,Cents per Pound,Coffee
5/1/02,61.46043478,Cents per Pound,Coffee
4/1/02,65.33681818,Cents per Pound,Coffee
3/1/02,64.07047619,Cents per Pound,Coffee
2/1/02,59.116,Cents per Pound,Coffee
1/1/02,58.24304348,Cents per Pound,Coffee
12/1/01,56.5852381,Cents per Pound,Coffee
11/1/01,58.84772727,Cents per Pound,Coffee
10/1/01,56.36782609,Cents per Pound,Coffee
9/1/01,58.267,Cents per Pound,Coffee
8/1/01,59.33130435,Cents per Pound,Coffee
7/1/01,58.94136364,Cents per Pound,Coffee
6/1/01,63.84619048,Cents per Pound,Coffee
5/1/01,69.63130435,Cents per Pound,Coffee
4/1/01,65.99761905,Cents per Pound,Coffee
3/1/01,66.66590909,Cents per Pound,Coffee
2/1/01,67.2755,Cents per Pound,Coffee
1/1/01,65.6526087,Cents per Pound,Coffee
12/1/00,65.90333333,Cents per Pound,Coffee
11/1/00,71.39045455,Cents per Pound,Coffee
10/1/00,76.76454545,Cents per Pound,Coffee
9/1/00,75.8352381,Cents per Pound,Coffee
8/1/00,79.30391304,Cents per Pound,Coffee
7/1/00,87.65619048,Cents per Pound,Coffee
6/1/00,86.89409091,Cents per Pound,Coffee
5/1/00,91.50608696,Cents per Pound,Coffee
4/1/00,94.65,Cents per Pound,Coffee
3/1/00,100.6526087,Cents per Pound,Coffee
2/1/00,104.0414286,Cents per Pound,Coffee
1/1/00,111.8514286,Cents per Pound,Coffee
12/1/99,123.1652174,Cents per Pound,Coffee
11/1/99,112.4509091,Cents per Pound,Coffee
10/1/99,92.75904762,Cents per Pound,Coffee
9/1/99,84.52409091,Cents per Pound,Coffee
8/1/99,91.49954545,Cents per Pound,Coffee
7/1/99,95.79181818,Cents per Pound,Coffee
6/1/99,108.1172727,Cents per Pound,Coffee
5/1/99,111.3547619,Cents per Pound,Coffee
4/1/99,102.8286364,Cents per Pound,Coffee
3/1/99,105.1321739,Cents per Pound,Coffee
2/1/99,104.762,Cents per Pound,Coffee
1/1/99,114.227619,Cents per Pound,Coffee
12/1/98,117.056087,Cents per Pound,Coffee
11/1/98,116.1219048,Cents per Pound,Coffee
10/1/98,109.3872727,Cents per Pound,Coffee
9/1/98,112.9440909,Cents per Pound,Coffee
8/1/98,123.6471429,Cents per Pound,Coffee
7/1/98,116.9413043,Cents per Pound,Coffee
6/1/98,126.6631818,Cents per Pound,Coffee
5/1/98,138.937619,Cents per Pound,Coffee
4/1/98,150.255,Cents per Pound,Coffee
3/1/98,158.39,Cents per Pound,Coffee
2/1/98,178.374,Cents per Pound,Coffee
1/1/98,176.9136364,Cents per Pound,Coffee
12/1/97,176.7795652,Cents per Pound,Coffee
11/1/97,160.3115,Cents per Pound,Coffee
10/1/97,169.1491304,Cents per Pound,Coffee
9/1/97,190.8645455,Cents per Pound,Coffee
8/1/97,191.0990476,Cents per Pound,Coffee
7/1/97,190.1582609,Cents per Pound,Coffee
6/1/97,226.7609524,Cents per Pound,Coffee
5/1/97,265.6059091,Cents per Pound,Coffee
4/1/97,205.4409091,Cents per Pound,Coffee
3/1/97,193.4080952,Cents per Pound,Coffee
2/1/97,166.3255,Cents per Pound,Coffee
1/1/97,131.233913,Cents per Pound,Coffee
12/1/96,116.8936364,Cents per Pound,Coffee
11/1/96,123.9138095,Cents per Pound,Coffee
10/1/96,123.7769565,Cents per Pound,Coffee
9/1/96,119.812381,Cents per Pound,Coffee
8/1/96,125.5077273,Cents per Pound,Coffee
7/1/96,123.7008696,Cents per Pound,Coffee
6/1/96,125.03,Cents per Pound,Coffee
5/1/96,129.5956522,Cents per Pound,Coffee
4/1/96,121.8831818,Cents per Pound,Coffee
3/1/96,120.807619,Cents per Pound,Coffee
2/1/96,124.7804762,Cents per Pound,Coffee
1/1/96,107.9617391,Cents per Pound,Coffee
12/1/95,106.3680952,Cents per Pound,Coffee
11/1/95,125.2604545,Cents per Pound,Coffee
10/1/95,127.0859091,Cents per Pound,Coffee
9/1/95,137.1380952,Cents per Pound,Coffee
8/1/95,150.9917391,Cents per Pound,Coffee
7/1/95,140.2966667,Cents per Pound,Coffee
6/1/95,158.6031818,Cents per Pound,Coffee
5/1/95,173.2456522,Cents per Pound,Coffee
4/1/95,173.237,Cents per Pound,Coffee
3/1/95,179.2108696,Cents per Pound,Coffee
2/1/95,167.475,Cents per Pound,Coffee
1/1/95,171.0881818,Cents per Pound,Coffee
12/1/94,162.265,Cents per Pound,Coffee
11/1/94,188.1163636,Cents per Pound,Coffee
10/1/94,207.3138095,Cents per Pound,Coffee
9/1/94,218.6804545,Cents per Pound,Coffee
8/1/94,199.1395652,Cents per Pound,Coffee
7/1/94,201.41,Cents per Pound,Coffee
6/1/94,133.3613636,Cents per Pound,Coffee
5/1/94,117.1663636,Cents per Pound,Coffee
4/1/94,90.93761905,Cents per Pound,Coffee
3/1/94,87.01478261,Cents per Pound,Coffee
2/1/94,83.2,Cents per Pound,Coffee
1/1/94,79.58238095,Cents per Pound,Coffee
12/1/93,82.5526087,Cents per Pound,Coffee
11/1/93,79.23863636,Cents per Pound,Coffee
10/1/93,76.64333333,Cents per Pound,Coffee
9/1/93,81.12181818,Cents per Pound,Coffee
8/1/93,76.18727273,Cents per Pound,Coffee
7/1/93,70.47909091,Cents per Pound,Coffee
6/1/93,63.19045455,Cents per Pound,Coffee
5/1/93,61.65904762,Cents per Pound,Coffee
4/1/93,58.41454545,Cents per Pound,Coffee
3/1/93,64.68130435,Cents per Pound,Coffee
2/1/93,67.4365,Cents per Pound,Coffee
1/1/93,71.81904762,Cents per Pound,Coffee
12/1/92,75.13913043,Cents per Pound,Coffee
11/1/92,52.51285714,Cents per Pound,Coffee
10/1/92,50.83,Cents per Pound,Coffee
9/1/92,51.67318182,Cents per Pound,Coffee
8/1/92,53.35380952,Cents per Pound,Coffee
7/1/92,58.34913043,Cents per Pound,Coffee
6/1/92,59.44818182,Cents per Pound,Coffee
5/1/92,60.79666667,Cents per Pound,Coffee
4/1/92,66.52227273,Cents per Pound,Coffee
3/1/92,69.89363636,Cents per Pound,Coffee
2/1/92,69.298,Cents per Pound,Coffee
1/1/92,73.03181818,Cents per Pound,Coffee
12/1/91,75.09667969,Cents per Pound,Coffee
11/1/91,78.51779175,Cents per Pound,Coffee
10/1/91,79.86181641,Cents per Pound,Coffee
9/1/91,87.45098877,Cents per Pound,Coffee
8/1/91,81.61880493,Cents per Pound,Coffee
7/1/91,82.80825806,Cents per Pound,Coffee
6/1/91,85.5,Cents per Pound,Coffee
5/1/91,87.58999634,Cents per Pound,Coffee
4/1/91,92.26998901,Cents per Pound,Coffee
3/1/91,93.72000122,Cents per Pound,Coffee
2/1/91,89.57000732,Cents per Pound,Coffee
1/1/91,86.32000732,Cents per Pound,Coffee
12/1/90,89.89001465,Cents per Pound,Coffee
11/1/90,84.83999634,Cents per Pound,Coffee
10/1/90,91.41000366,Cents per Pound,Coffee
9/1/90,94.92001343,Cents per Pound,Coffee
8/1/90,94.42001343,Cents per Pound,Coffee
7/1/90,86.48001099,Cents per Pound,Coffee
6/1/90,88.26000977,Cents per Pound,Coffee
5/1/90,92.01998901,Cents per Pound,Coffee
4/1/90,93.73001099,Cents per Pound,Coffee
3/1/90,93.95999146,Cents per Pound,Coffee
2/1/90,84.01000977,Cents per Pound,Coffee
1/1/90,75.82998657,Cents per Pound,Coffee
1/1/24,198.7579285,Dollar per Metric Ton,Corn
12/1/23,207.3979689,Dollar per Metric Ton,Corn
11/1/23,209.0402968,Dollar per Metric Ton,Corn
10/1/23,221.9025188,Dollar per Metric Ton,Corn
9/1/23,223.8476664,Dollar per Metric Ton,Corn
8/1/23,207.6758887,Dollar per Metric Ton,Corn
7/1/23,235.2719473,Dollar per Metric Ton,Corn
6/1/23,266.9352396,Dollar per Metric Ton,Corn
5/1/23,268.1725264,Dollar per Metric Ton,Corn
4/1/23,291.1797449,Dollar per Metric Ton,Corn
3/1/23,284.957405,Dollar per Metric Ton,Corn
2/1/23,298.2453034,Dollar per Metric Ton,Corn
1/1/23,302.8399884,Dollar per Metric Ton,Corn
12/1/22,302.2354051,Dollar per Metric Ton,Corn
11/1/22,320.9296829,Dollar per Metric Ton,Corn
10/1/22,343.5532833,Dollar per Metric Ton,Corn
9/1/22,312.5461279,Dollar per Metric Ton,Corn
8/1/22,293.9307903,Dollar per Metric Ton,Corn
7/1/22,312.682042,Dollar per Metric Ton,Corn
6/1/22,335.717134,Dollar per Metric Ton,Corn
5/1/22,344.9092996,Dollar per Metric Ton,Corn
4/1/22,348.507117,Dollar per Metric Ton,Corn
3/1/22,335.9306842,Dollar per Metric Ton,Corn
2/1/22,292.671593,Dollar per Metric Ton,Corn
1/1/22,276.7191782,Dollar per Metric Ton,Corn
12/1/21,264.5731468,Dollar per Metric Ton,Corn
11/1/21,248.7677461,Dollar per Metric Ton,Corn
10/1/21,239.6024509,Dollar per Metric Ton,Corn
9/1/21,235.8156036,Dollar per Metric Ton,Corn
8/1/21,257.0207554,Dollar per Metric Ton,Corn
7/1/21,278.4457556,Dollar per Metric Ton,Corn
6/1/21,292.5237268,Dollar per Metric Ton,Corn
5/1/21,304.2975497,Dollar per Metric Ton,Corn
4/1/21,268.6224488,Dollar per Metric Ton,Corn
3/1/21,245.7603568,Dollar per Metric Ton,Corn
2/1/21,245.5540566,Dollar per Metric Ton,Corn
1/1/21,231.7544615,Dollar per Metric Ton,Corn
12/1/20,199.1844175,Dollar per Metric Ton,Corn
11/1/20,190.6250376,Dollar per Metric Ton,Corn
10/1/20,186.7663875,Dollar per Metric Ton,Corn
9/1/20,166.6025335,Dollar per Metric Ton,Corn
8/1/20,149.3929998,Dollar per Metric Ton,Corn
7/1/20,152.5876196,Dollar per Metric Ton,Corn
6/1/20,148.0423804,Dollar per Metric Ton,Corn
5/1/20,143.9892438,Dollar per Metric Ton,Corn
4/1/20,147.0121602,Dollar per Metric Ton,Corn
3/1/20,162.1791482,Dollar per Metric Ton,Corn
2/1/20,168.7445985,Dollar per Metric Ton,Corn
1/1/20,171.8141352,Dollar per Metric Ton,Corn
12/1/19,167.0590173,Dollar per Metric Ton,Corn
11/1/19,166.3617855,Dollar per Metric Ton,Corn
10/1/19,167.2977941,Dollar per Metric Ton,Corn
9/1/19,157.3744366,Dollar per Metric Ton,Corn
8/1/19,163.6286143,Dollar per Metric Ton,Corn
7/1/19,189.4863732,Dollar per Metric Ton,Corn
6/1/19,195.1679223,Dollar per Metric Ton,Corn
5/1/19,171.1801536,Dollar per Metric Ton,Corn
4/1/19,161.6533866,Dollar per Metric Ton,Corn
3/1/19,166.321332,Dollar per Metric Ton,Corn
2/1/19,169.6562835,Dollar per Metric Ton,Corn
1/1/19,166.8462415,Dollar per Metric Ton,Corn
12/1/18,167.4898806,Dollar per Metric Ton,Corn
11/1/18,160.8782077,Dollar per Metric Ton,Corn
10/1/18,160.3655651,Dollar per Metric Ton,Corn
9/1/18,154.9450034,Dollar per Metric Ton,Corn
8/1/18,162.5222585,Dollar per Metric Ton,Corn
7/1/18,156.5542655,Dollar per Metric Ton,Corn
6/1/18,165.1402855,Dollar per Metric Ton,Corn
5/1/18,179.1790589,Dollar per Metric Ton,Corn
4/1/18,175.6009825,Dollar per Metric Ton,Corn
3/1/18,172.07659,Dollar per Metric Ton,Corn
2/1/18,163.4609697,Dollar per Metric Ton,Corn
1/1/18,155.9168753,Dollar per Metric Ton,Corn
12/1/17,149.0874275,Dollar per Metric Ton,Corn
11/1/17,148.7921659,Dollar per Metric Ton,Corn
10/1/17,148.7223768,Dollar per Metric Ton,Corn
9/1/17,147.3158579,Dollar per Metric Ton,Corn
8/1/17,148.5434304,Dollar per Metric Ton,Corn
7/1/17,157.6106459,Dollar per Metric Ton,Corn
6/1/17,157.9739071,Dollar per Metric Ton,Corn
5/1/17,158.6002196,Dollar per Metric Ton,Corn
4/1/17,156.5404521,Dollar per Metric Ton,Corn
3/1/17,158.9791193,Dollar per Metric Ton,Corn
2/1/17,162.9625359,Dollar per Metric Ton,Corn
1/1/17,160.012107,Dollar per Metric Ton,Corn
12/1/16,152.7299247,Dollar per Metric Ton,Corn
11/1/16,151.3314157,Dollar per Metric Ton,Corn
10/1/16,152.617444,Dollar per Metric Ton,Corn
9/1/16,148.5119017,Dollar per Metric Ton,Corn
8/1/16,150.2154124,Dollar per Metric Ton,Corn
7/1/16,161.8230448,Dollar per Metric Ton,Corn
6/1/16,179.9127393,Dollar per Metric Ton,Corn
5/1/16,169.0021199,Dollar per Metric Ton,Corn
4/1/16,164.4654019,Dollar per Metric Ton,Corn
3/1/16,159.2265321,Dollar per Metric Ton,Corn
2/1/16,159.7168454,Dollar per Metric Ton,Corn
1/1/16,161.0988769,Dollar per Metric Ton,Corn
12/1/15,164.0044018,Dollar per Metric Ton,Corn
11/1/15,166.0924241,Dollar per Metric Ton,Corn
10/1/15,171.4485732,Dollar per Metric Ton,Corn
9/1/15,166.077624,Dollar per Metric Ton,Corn
8/1/15,162.7406991,Dollar per Metric Ton,Corn
7/1/15,179.6085304,Dollar per Metric Ton,Corn
6/1/15,166.8138607,Dollar per Metric Ton,Corn
5/1/15,166.3503895,Dollar per Metric Ton,Corn
4/1/15,172.151577,Dollar per Metric Ton,Corn
3/1/15,174.2938214,Dollar per Metric Ton,Corn
2/1/15,173.7588658,Dollar per Metric Ton,Corn
1/1/15,174.7948714,Dollar per Metric Ton,Corn
12/1/14,178.7129461,Dollar per Metric Ton,Corn
11/1/14,178.7085351,Dollar per Metric Ton,Corn
10/1/14,163.3780893,Dollar per Metric Ton,Corn
9/1/14,163.1343813,Dollar per Metric Ton,Corn
8/1/14,176.4820806,Dollar per Metric Ton,Corn
7/1/14,182.2945163,Dollar per Metric Ton,Corn
6/1/14,202.633823,Dollar per Metric Ton,Corn
5/1/14,216.975101,Dollar per Metric Ton,Corn
4/1/14,222.4304107,Dollar per Metric Ton,Corn
3/1/14,222.3929172,Dollar per Metric Ton,Corn
2/1/14,209.3560195,Dollar per Metric Ton,Corn
1/1/14,198.7719886,Dollar per Metric Ton,Corn
12/1/13,197.5534486,Dollar per Metric Ton,Corn
11/1/13,199.1824442,Dollar per Metric Ton,Corn
10/1/13,201.7799929,Dollar per Metric Ton,Corn
9/1/13,207.4901734,Dollar per Metric Ton,Corn
8/1/13,234.9387661,Dollar per Metric Ton,Corn
7/1/13,279.0132714,Dollar per Metric Ton,Corn
6/1/13,297.1119132,Dollar per Metric Ton,Corn
5/1/13,295.368975,Dollar per Metric Ton,Corn
4/1/13,279.7648464,Dollar per Metric Ton,Corn
3/1/13,309.5792051,Dollar per Metric Ton,Corn
2/1/13,302.6103405,Dollar per Metric Ton,Corn
1/1/13,303.3602112,Dollar per Metric Ton,Corn
12/1/12,308.7504006,Dollar per Metric Ton,Corn
11/1/12,321.5968705,Dollar per Metric Ton,Corn
10/1/12,321.3824173,Dollar per Metric Ton,Corn
9/1/12,320.7059056,Dollar per Metric Ton,Corn
8/1/12,332.2334953,Dollar per Metric Ton,Corn
7/1/12,332.9988526,Dollar per Metric Ton,Corn
6/1/12,267.3289218,Dollar per Metric Ton,Corn
5/1/12,268.8849036,Dollar per Metric Ton,Corn
4/1/12,274.2192966,Dollar per Metric Ton,Corn
3/1/12,280.715052,Dollar per Metric Ton,Corn
2/1/12,279.5143214,Dollar per Metric Ton,Corn
1/1/12,272.9201455,Dollar per Metric Ton,Corn
12/1/11,258.5179405,Dollar per Metric Ton,Corn
11/1/11,274.2783489,Dollar per Metric Ton,Corn
10/1/11,274.846376,Dollar per Metric Ton,Corn
9/1/11,296.2994964,Dollar per Metric Ton,Corn
8/1/11,310.3071116,Dollar per Metric Ton,Corn
7/1/11,300.8322095,Dollar per Metric Ton,Corn
6/1/11,310.5364743,Dollar per Metric Ton,Corn
5/1/11,308.5752214,Dollar per Metric Ton,Corn
4/1/11,318.938776,Dollar per Metric Ton,Corn
3/1/11,290.4347217,Dollar per Metric Ton,Corn
2/1/11,293.396797,Dollar per Metric Ton,Corn
1/1/11,265.285524,Dollar per Metric Ton,Corn
12/1/10,250.6255509,Dollar per Metric Ton,Corn
11/1/10,238.2367488,Dollar per Metric Ton,Corn
10/1/10,235.703123,Dollar per Metric Ton,Corn
9/1/10,205.8395204,Dollar per Metric Ton,Corn
8/1/10,175.6001304,Dollar per Metric Ton,Corn
7/1/10,163.9217456,Dollar per Metric Ton,Corn
6/1/10,152.8739339,Dollar per Metric Ton,Corn
5/1/10,163.2403005,Dollar per Metric Ton,Corn
4/1/10,157.2666427,Dollar per Metric Ton,Corn
3/1/10,158.9277694,Dollar per Metric Ton,Corn
2/1/10,161.9069613,Dollar per Metric Ton,Corn
1/1/10,167.3356308,Dollar per Metric Ton,Corn
12/1/09,164.6128196,Dollar per Metric Ton,Corn
11/1/09,171.6868545,Dollar per Metric Ton,Corn
10/1/09,167.2791214,Dollar per Metric Ton,Corn
9/1/09,150.592793,Dollar per Metric Ton,Corn
8/1/09,152.0362942,Dollar per Metric Ton,Corn
7/1/09,151.8002554,Dollar per Metric Ton,Corn
6/1/09,179.3937946,Dollar per Metric Ton,Corn
5/1/09,180.0702121,Dollar per Metric Ton,Corn
4/1/09,168.7959054,Dollar per Metric Ton,Corn
3/1/09,164.5770304,Dollar per Metric Ton,Corn
2/1/09,163.3999605,Dollar per Metric Ton,Corn
1/1/09,173.2951299,Dollar per Metric Ton,Corn
12/1/08,158.909797,Dollar per Metric Ton,Corn
11/1/08,164.3044002,Dollar per Metric Ton,Corn
10/1/08,183.0247029,Dollar per Metric Ton,Corn
9/1/08,233.9456134,Dollar per Metric Ton,Corn
8/1/08,235.1594667,Dollar per Metric Ton,Corn
7/1/08,267.1414541,Dollar per Metric Ton,Corn
6/1/08,287.1320709,Dollar per Metric Ton,Corn
5/1/08,243.5317736,Dollar per Metric Ton,Corn
4/1/08,246.6418625,Dollar per Metric Ton,Corn
3/1/08,233.9259293,Dollar per Metric Ton,Corn
2/1/08,220.0475977,Dollar per Metric Ton,Corn
1/1/08,206.5588043,Dollar per Metric Ton,Corn
12/1/07,180.2832637,Dollar per Metric Ton,Corn
11/1/07,171.1139434,Dollar per Metric Ton,Corn
10/1/07,164.1141037,Dollar per Metric Ton,Corn
9/1/07,160.1250316,Dollar per Metric Ton,Corn
8/1/07,151.0307857,Dollar per Metric Ton,Corn
7/1/07,147.2164013,Dollar per Metric Ton,Corn
6/1/07,164.5372645,Dollar per Metric Ton,Corn
5/1/07,160.1391589,Dollar per Metric Ton,Corn
4/1/07,152.6305668,Dollar per Metric Ton,Corn
3/1/07,169.5832697,Dollar per Metric Ton,Corn
2/1/07,177.3848855,Dollar per Metric Ton,Corn
1/1/07,165.160019,Dollar per Metric Ton,Corn
12/1/06,160.7207348,Dollar per Metric Ton,Corn
11/1/06,164.1064013,Dollar per Metric Ton,Corn
10/1/06,142.2624107,Dollar per Metric Ton,Corn
9/1/06,120.2698946,Dollar per Metric Ton,Corn
8/1/06,115.2772893,Dollar per Metric Ton,Corn
7/1/06,114.3056102,Dollar per Metric Ton,Corn
6/1/06,109.6123566,Dollar per Metric Ton,Corn
5/1/06,110.6246821,Dollar per Metric Ton,Corn
4/1/06,107.9103474,Dollar per Metric Ton,Corn
3/1/06,104.9520804,Dollar per Metric Ton,Corn
2/1/06,106.9365021,Dollar per Metric Ton,Corn
1/1/06,102.7904075,Dollar per Metric Ton,Corn
12/1/05,102.6760522,Dollar per Metric Ton,Corn
11/1/05,95.97970643,Dollar per Metric Ton,Corn
10/1/05,101.5512461,Dollar per Metric Ton,Corn
9/1/05,97.07076837,Dollar per Metric Ton,Corn
8/1/05,99.28663643,Dollar per Metric Ton,Corn
7/1/05,105.6642871,Dollar per Metric Ton,Corn
6/1/05,97.61527679,Dollar per Metric Ton,Corn
5/1/05,95.36481241,Dollar per Metric Ton,Corn
4/1/05,96.47087177,Dollar per Metric Ton,Corn
3/1/05,100.0140111,Dollar per Metric Ton,Corn
2/1/05,94.35939361,Dollar per Metric Ton,Corn
1/1/05,96.03875875,Dollar per Metric Ton,Corn
12/1/04,95.60852041,Dollar per Metric Ton,Corn
11/1/04,93.75851034,Dollar per Metric Ton,Corn
10/1/04,93.41514847,Dollar per Metric Ton,Corn
9/1/04,97.72690527,Dollar per Metric Ton,Corn
8/1/04,104.0931375,Dollar per Metric Ton,Corn
7/1/04,104.4944888,Dollar per Metric Ton,Corn
6/1/04,123.278751,Dollar per Metric Ton,Corn
5/1/04,129.2852157,Dollar per Metric Ton,Corn
4/1/04,133.4394997,Dollar per Metric Ton,Corn
3/1/04,128.4601949,Dollar per Metric Ton,Corn
2/1/04,122.9324291,Dollar per Metric Ton,Corn
1/1/04,116.2455883,Dollar per Metric Ton,Corn
12/1/03,111.9922096,Dollar per Metric Ton,Corn
11/1/03,108.1004849,Dollar per Metric Ton,Corn
10/1/03,104.2059516,Dollar per Metric Ton,Corn
9/1/03,103.2384553,Dollar per Metric Ton,Corn
8/1/03,100.3495782,Dollar per Metric Ton,Corn
7/1/03,97.67066497,Dollar per Metric Ton,Corn
6/1/03,107.0253026,Dollar per Metric Ton,Corn
5/1/03,107.9064007,Dollar per Metric Ton,Corn
4/1/03,105.3380934,Dollar per Metric Ton,Corn
3/1/03,105.1318789,Dollar per Metric Ton,Corn
2/1/03,106.14108,Dollar per Metric Ton,Corn
1/1/03,105.8442561,Dollar per Metric Ton,Corn
12/1/02,107.0126485,Dollar per Metric Ton,Corn
11/1/02,108.6464294,Dollar per Metric Ton,Corn
10/1/02,109.6468099,Dollar per Metric Ton,Corn
9/1/02,113.9414542,Dollar per Metric Ton,Corn
8/1/02,109.8910018,Dollar per Metric Ton,Corn
7/1/02,99.70000268,Dollar per Metric Ton,Corn
6/1/02,93.16980013,Dollar per Metric Ton,Corn
5/1/02,90.33130502,Dollar per Metric Ton,Corn
4/1/02,87.10664777,Dollar per Metric Ton,Corn
3/1/02,89.85794911,Dollar per Metric Ton,Corn
2/1/02,90.72819384,Dollar per Metric Ton,Corn
1/1/02,91.96696059,Dollar per Metric Ton,Corn
12/1/01,92.31151517,Dollar per Metric Ton,Corn
11/1/01,89.88255424,Dollar per Metric Ton,Corn
10/1/01,86.26773913,Dollar per Metric Ton,Corn
9/1/01,89.74398849,Dollar per Metric Ton,Corn
8/1/01,92.87903164,Dollar per Metric Ton,Corn
7/1/01,90.75466954,Dollar per Metric Ton,Corn
6/1/01,83.16066599,Dollar per Metric Ton,Corn
5/1/01,85.07752309,Dollar per Metric Ton,Corn
4/1/01,87.54506652,Dollar per Metric Ton,Corn
3/1/01,91.01215357,Dollar per Metric Ton,Corn
2/1/01,92.37751482,Dollar per Metric Ton,Corn
1/1/01,94.29723327,Dollar per Metric Ton,Corn
12/1/00,96.22420376,Dollar per Metric Ton,Corn
11/1/00,88.93710783,Dollar per Metric Ton,Corn
10/1/00,84.7072744,Dollar per Metric Ton,Corn
9/1/00,80.15057627,Dollar per Metric Ton,Corn
8/1/00,75.24053114,Dollar per Metric Ton,Corn
7/1/00,75.05737521,Dollar per Metric Ton,Corn
6/1/00,84.0395145,Dollar per Metric Ton,Corn
5/1/00,95.53055089,Dollar per Metric Ton,Corn
4/1/00,95.53937295,Dollar per Metric Ton,Corn
3/1/00,95.16935111,Dollar per Metric Ton,Corn
2/1/00,95.08161904,Dollar per Metric Ton,Corn
1/1/00,92.95327496,Dollar per Metric Ton,Corn
12/1/99,87.22283768,Dollar per Metric Ton,Corn
11/1/99,85.40934063,Dollar per Metric Ton,Corn
10/1/99,85.65047121,Dollar per Metric Ton,Corn
9/1/99,87.12092088,Dollar per Metric Ton,Corn
8/1/99,86.38191473,Dollar per Metric Ton,Corn
7/1/99,83.59840304,Dollar per Metric Ton,Corn
6/1/99,92.94701183,Dollar per Metric Ton,Corn
5/1/99,92.71706567,Dollar per Metric Ton,Corn
4/1/99,94.03847853,Dollar per Metric Ton,Corn
3/1/99,96.42645008,Dollar per Metric Ton,Corn
2/1/99,94.56400472,Dollar per Metric Ton,Corn
1/1/99,97.45187378,Dollar per Metric Ton,Corn
12/1/98,95.32476044,Dollar per Metric Ton,Corn
11/1/98,97.38452911,Dollar per Metric Ton,Corn
10/1/98,95.49475861,Dollar per Metric Ton,Corn
9/1/98,85.71444702,Dollar per Metric Ton,Corn
8/1/98,88.3582077,Dollar per Metric Ton,Corn
7/1/98,100.90448,Dollar per Metric Ton,Corn
6/1/98,101.7516937,Dollar per Metric Ton,Corn
5/1/98,105.9669266,Dollar per Metric Ton,Corn
4/1/98,106.6878586,Dollar per Metric Ton,Corn
3/1/98,113.8404388,Dollar per Metric Ton,Corn
2/1/98,113.6187363,Dollar per Metric Ton,Corn
1/1/98,114.3672562,Dollar per Metric Ton,Corn
12/1/97,113.6043625,Dollar per Metric Ton,Corn
11/1/97,117.4047623,Dollar per Metric Ton,Corn
10/1/97,120.2442169,Dollar per Metric Ton,Corn
9/1/97,112.236908,Dollar per Metric Ton,Corn
8/1/97,111.9510193,Dollar per Metric Ton,Corn
7/1/97,106.420723,Dollar per Metric Ton,Corn
6/1/97,112.5813751,Dollar per Metric Ton,Corn
5/1/97,118.6108093,Dollar per Metric Ton,Corn
4/1/97,124.7128754,Dollar per Metric Ton,Corn
3/1/97,127.8605804,Dollar per Metric Ton,Corn
2/1/97,121.7462006,Dollar per Metric Ton,Corn
1/1/97,118.6951675,Dollar per Metric Ton,Corn
12/1/96,116.8350143,Dollar per Metric Ton,Corn
11/1/96,117.1368408,Dollar per Metric Ton,Corn
10/1/96,128.6087952,Dollar per Metric Ton,Corn
9/1/96,145.2391815,Dollar per Metric Ton,Corn
8/1/96,186.8200684,Dollar per Metric Ton,Corn
7/1/96,197.6199951,Dollar per Metric Ton,Corn
6/1/96,196.6393127,Dollar per Metric Ton,Corn
5/1/96,203.9989319,Dollar per Metric Ton,Corn
4/1/96,189.0330353,Dollar per Metric Ton,Corn
3/1/96,170.9611511,Dollar per Metric Ton,Corn
2/1/96,164.7122345,Dollar per Metric Ton,Corn
1/1/96,156.6707306,Dollar per Metric Ton,Corn
12/1/95,148.1885223,Dollar per Metric Ton,Corn
11/1/95,143.2122345,Dollar per Metric Ton,Corn
10/1/95,140.8163605,Dollar per Metric Ton,Corn
9/1/95,130.5130157,Dollar per Metric Ton,Corn
8/1/95,126.297081,Dollar per Metric Ton,Corn
7/1/95,127.3095627,Dollar per Metric Ton,Corn
6/1/95,120.0074387,Dollar per Metric Ton,Corn
5/1/95,111.9275818,Dollar per Metric Ton,Corn
4/1/95,109.6404877,Dollar per Metric Ton,Corn
3/1/95,109.6270676,Dollar per Metric Ton,Corn
2/1/95,106.9776611,Dollar per Metric Ton,Corn
1/1/95,106.8987732,Dollar per Metric Ton,Corn
12/1/94,102.5552368,Dollar per Metric Ton,Corn
11/1/94,95.60571289,Dollar per Metric Ton,Corn
10/1/94,96.11000061,Dollar per Metric Ton,Corn
9/1/94,97.60505676,Dollar per Metric Ton,Corn
8/1/94,96.15687561,Dollar per Metric Ton,Corn
7/1/94,98.73155212,Dollar per Metric Ton,Corn
6/1/94,112.0830994,Dollar per Metric Ton,Corn
5/1/94,110.6012573,Dollar per Metric Ton,Corn
4/1/94,113.4167328,Dollar per Metric Ton,Corn
3/1/94,120.1072922,Dollar per Metric Ton,Corn
2/1/94,123.6490097,Dollar per Metric Ton,Corn
1/1/94,126.7164536,Dollar per Metric Ton,Corn
12/1/93,121.2294998,Dollar per Metric Ton,Corn
11/1/93,115.9284592,Dollar per Metric Ton,Corn
10/1/93,105.7676315,Dollar per Metric Ton,Corn
9/1/93,101.0316772,Dollar per Metric Ton,Corn
8/1/93,100.3128967,Dollar per Metric Ton,Corn
7/1/93,101.8886871,Dollar per Metric Ton,Corn
6/1/93,92.72621155,Dollar per Metric Ton,Corn
5/1/93,99.22267151,Dollar per Metric Ton,Corn
4/1/93,100.4873734,Dollar per Metric Ton,Corn
3/1/93,97.53518677,Dollar per Metric Ton,Corn
2/1/93,94.2540741,Dollar per Metric Ton,Corn
1/1/93,94.09521484,Dollar per Metric Ton,Corn
12/1/92,94.04341888,Dollar per Metric Ton,Corn
11/1/92,95.17266083,Dollar per Metric Ton,Corn
10/1/92,94.55976868,Dollar per Metric Ton,Corn
9/1/92,98.2166748,Dollar per Metric Ton,Corn
8/1/92,97.53993225,Dollar per Metric Ton,Corn
7/1/92,102.3940582,Dollar per Metric Ton,Corn
6/1/92,110.2019272,Dollar per Metric Ton,Corn
5/1/92,109.1779099,Dollar per Metric Ton,Corn
4/1/92,109.0551376,Dollar per Metric Ton,Corn
3/1/92,116.6845932,Dollar per Metric Ton,Corn
2/1/92,113.921257,Dollar per Metric Ton,Corn
1/1/92,109.5863571,Dollar per Metric Ton,Corn
12/1/91,106.7206802,Dollar per Metric Ton,Corn
11/1/91,106.7978668,Dollar per Metric Ton,Corn
10/1/91,109.5233231,Dollar per Metric Ton,Corn
9/1/91,108.8531265,Dollar per Metric Ton,Corn
8/1/91,110.1188126,Dollar per Metric Ton,Corn
7/1/91,105.7298965,Dollar per Metric Ton,Corn
6/1/91,105.1131363,Dollar per Metric Ton,Corn
5/1/91,105.7351608,Dollar per Metric Ton,Corn
4/1/91,110.2310104,Dollar per Metric Ton,Corn
3/1/91,109.0499573,Dollar per Metric Ton,Corn
2/1/91,106.2941666,Dollar per Metric Ton,Corn
1/1/91,105.506813,Dollar per Metric Ton,Corn
12/1/90,102.3573608,Dollar per Metric Ton,Corn
11/1/90,99.99526978,Dollar per Metric Ton,Corn
10/1/90,99.99526978,Dollar per Metric Ton,Corn
9/1/90,102.3573608,Dollar per Metric Ton,Corn
8/1/90,109.8373184,Dollar per Metric Ton,Corn
7/1/90,114.9551926,Dollar per Metric Ton,Corn
6/1/90,120.0730667,Dollar per Metric Ton,Corn
5/1/90,121.254097,Dollar per Metric Ton,Corn
4/1/90,118.4983368,Dollar per Metric Ton,Corn
3/1/90,109.8373184,Dollar per Metric Ton,Corn
2/1/90,106.2941666,Dollar per Metric Ton,Corn
1/1/90,105.9005127,Dollar per Metric Ton,Corn
1/1/24,22.47478261,Cents per Pound,Sugar
12/1/23,22.14571429,Cents per Pound,Sugar
11/1/23,27.30954545,Cents per Pound,Sugar
10/1/23,26.90363636,Cents per Pound,Sugar
9/1/23,26.56380952,Cents per Pound,Sugar
8/1/23,24.19304348,Cents per Pound,Sugar
7/1/23,24.00809524,Cents per Pound,Sugar
6/1/23,24.76227273,Cents per Pound,Sugar
5/1/23,25.72956522,Cents per Pound,Sugar
4/1/23,24.582,Cents per Pound,Sugar
3/1/23,20.96173913,Cents per Pound,Sugar
2/1/23,21.4035,Cents per Pound,Sugar
1/1/23,19.94318182,Cents per Pound,Sugar
12/1/22,20.065,Cents per Pound,Sugar
11/1/22,19.40590909,Cents per Pound,Sugar
10/1/22,18.30095238,Cents per Pound,Sugar
9/1/22,18.18590909,Cents per Pound,Sugar
8/1/22,18.0626087,Cents per Pound,Sugar
7/1/22,18.34,Cents per Pound,Sugar
6/1/22,18.79409091,Cents per Pound,Sugar
5/1/22,19.28090909,Cents per Pound,Sugar
4/1/22,19.69904762,Cents per Pound,Sugar
3/1/22,19.10782609,Cents per Pound,Sugar
2/1/22,18.20315789,Cents per Pound,Sugar
1/1/22,18.461,Cents per Pound,Sugar
12/1/21,19.16727273,Cents per Pound,Sugar
11/1/21,19.74619048,Cents per Pound,Sugar
10/1/21,19.61904762,Cents per Pound,Sugar
9/1/21,19.26428571,Cents per Pound,Sugar
8/1/21,19.38363636,Cents per Pound,Sugar
7/1/21,17.7147619,Cents per Pound,Sugar
6/1/21,17.21409091,Cents per Pound,Sugar
5/1/21,17.20333333,Cents per Pound,Sugar
4/1/21,16.23761905,Cents per Pound,Sugar
3/1/21,15.80565217,Cents per Pound,Sugar
2/1/21,17.00052632,Cents per Pound,Sugar
1/1/21,15.91631579,Cents per Pound,Sugar
12/1/20,14.66772727,Cents per Pound,Sugar
11/1/20,14.9335,Cents per Pound,Sugar
10/1/20,14.28772727,Cents per Pound,Sugar
9/1/20,12.44142857,Cents per Pound,Sugar
8/1/20,12.81428571,Cents per Pound,Sugar
7/1/20,11.90181818,Cents per Pound,Sugar
6/1/20,11.82818182,Cents per Pound,Sugar
5/1/20,10.641,Cents per Pound,Sugar
4/1/20,10.05190476,Cents per Pound,Sugar
3/1/20,11.805,Cents per Pound,Sugar
2/1/20,15.07105263,Cents per Pound,Sugar
1/1/20,14.16666667,Cents per Pound,Sugar
12/1/19,13.3352381,Cents per Pound,Sugar
11/1/19,12.687,Cents per Pound,Sugar
10/1/19,12.4573913,Cents per Pound,Sugar
9/1/19,11.158,Cents per Pound,Sugar
8/1/19,11.55545455,Cents per Pound,Sugar
7/1/19,12.12863636,Cents per Pound,Sugar
6/1/19,12.4395,Cents per Pound,Sugar
5/1/19,11.825,Cents per Pound,Sugar
4/1/19,12.53571429,Cents per Pound,Sugar
3/1/19,12.47380952,Cents per Pound,Sugar
2/1/19,12.92894737,Cents per Pound,Sugar
1/1/19,12.68095238,Cents per Pound,Sugar
12/1/18,12.5535,Cents per Pound,Sugar
11/1/18,12.79238095,Cents per Pound,Sugar
10/1/18,13.18478261,Cents per Pound,Sugar
9/1/18,10.78368421,Cents per Pound,Sugar
8/1/18,10.45521739,Cents per Pound,Sugar
7/1/18,11.1552381,Cents per Pound,Sugar
6/1/18,12.06190476,Cents per Pound,Sugar
5/1/18,11.82727273,Cents per Pound,Sugar
4/1/18,11.82428571,Cents per Pound,Sugar
3/1/18,12.82571429,Cents per Pound,Sugar
2/1/18,13.57263158,Cents per Pound,Sugar
1/1/18,13.97952381,Cents per Pound,Sugar
12/1/17,14.4325,Cents per Pound,Sugar
11/1/17,14.96666667,Cents per Pound,Sugar
10/1/17,14.23181818,Cents per Pound,Sugar
9/1/17,13.931,Cents per Pound,Sugar
8/1/17,13.79608696,Cents per Pound,Sugar
7/1/17,14.119,Cents per Pound,Sugar
6/1/17,13.53,Cents per Pound,Sugar
5/1/17,15.68909091,Cents per Pound,Sugar
4/1/17,16.31684211,Cents per Pound,Sugar
3/1/17,18.05956522,Cents per Pound,Sugar
2/1/17,20.40578947,Cents per Pound,Sugar
1/1/17,20.5375,Cents per Pound,Sugar
12/1/16,18.83,Cents per Pound,Sugar
11/1/16,20.86857143,Cents per Pound,Sugar
10/1/16,22.91666667,Cents per Pound,Sugar
9/1/16,21.35238095,Cents per Pound,Sugar
8/1/16,20.01434783,Cents per Pound,Sugar
7/1/16,19.687,Cents per Pound,Sugar
6/1/16,19.33727273,Cents per Pound,Sugar
5/1/16,16.68428571,Cents per Pound,Sugar
4/1/16,14.99809524,Cents per Pound,Sugar
3/1/16,15.43045455,Cents per Pound,Sugar
2/1/16,13.314,Cents per Pound,Sugar
1/1/16,14.29105263,Cents per Pound,Sugar
12/1/15,14.76272727,Cents per Pound,Sugar
11/1/15,14.843,Cents per Pound,Sugar
10/1/15,14.14181818,Cents per Pound,Sugar
9/1/15,12.13714286,Cents per Pound,Sugar
8/1/15,10.6747619,Cents per Pound,Sugar
7/1/15,11.87863636,Cents per Pound,Sugar
6/1/15,12.11363636,Cents per Pound,Sugar
5/1/15,12.7035,Cents per Pound,Sugar
4/1/15,12.91095238,Cents per Pound,Sugar
3/1/15,12.84090909,Cents per Pound,Sugar
2/1/15,14.51210526,Cents per Pound,Sugar
1/1/15,15.0625,Cents per Pound,Sugar
12/1/14,14.99227273,Cents per Pound,Sugar
11/1/14,15.87894737,Cents per Pound,Sugar
10/1/14,16.47565217,Cents per Pound,Sugar
9/1/14,16.54428571,Cents per Pound,Sugar
8/1/14,17.7247619,Cents per Pound,Sugar
7/1/14,18.73045455,Cents per Pound,Sugar
6/1/14,18.24190476,Cents per Pound,Sugar
5/1/14,18.24047619,Cents per Pound,Sugar
4/1/14,18.2147619,Cents per Pound,Sugar
3/1/14,17.88809524,Cents per Pound,Sugar
2/1/14,16.88526316,Cents per Pound,Sugar
1/1/14,15.70761905,Cents per Pound,Sugar
12/1/13,16.5447619,Cents per Pound,Sugar
11/1/13,17.7485,Cents per Pound,Sugar
10/1/13,18.8126087,Cents per Pound,Sugar
9/1/13,17.619,Cents per Pound,Sugar
8/1/13,17.24409091,Cents per Pound,Sugar
7/1/13,17.09636364,Cents per Pound,Sugar
6/1/13,16.956,Cents per Pound,Sugar
5/1/13,17.42636364,Cents per Pound,Sugar
4/1/13,17.66227273,Cents per Pound,Sugar
3/1/13,18.339,Cents per Pound,Sugar
2/1/13,18.20789474,Cents per Pound,Sugar
1/1/13,18.84571429,Cents per Pound,Sugar
12/1/12,19.202,Cents per Pound,Sugar
11/1/12,19.31333333,Cents per Pound,Sugar
10/1/12,20.38869565,Cents per Pound,Sugar
9/1/12,20.20631579,Cents per Pound,Sugar
8/1/12,20.56130435,Cents per Pound,Sugar
7/1/12,22.75714286,Cents per Pound,Sugar
6/1/12,20.09809524,Cents per Pound,Sugar
5/1/12,20.26545455,Cents per Pound,Sugar
4/1/12,22.477,Cents per Pound,Sugar
3/1/12,23.78818182,Cents per Pound,Sugar
2/1/12,23.416,Cents per Pound,Sugar
1/1/12,24.0205,Cents per Pound,Sugar
12/1/11,23.4152381,Cents per Pound,Sugar
11/1/11,24.51761905,Cents per Pound,Sugar
10/1/11,26.29857143,Cents per Pound,Sugar
9/1/11,26.63857143,Cents per Pound,Sugar
8/1/11,28.87434783,Cents per Pound,Sugar
7/1/11,29.471,Cents per Pound,Sugar
6/1/11,24.92454545,Cents per Pound,Sugar
5/1/11,21.84095238,Cents per Pound,Sugar
4/1/11,23.903,Cents per Pound,Sugar
3/1/11,25.9,Cents per Pound,Sugar
2/1/11,29.30631579,Cents per Pound,Sugar
1/1/11,29.73684211,Cents per Pound,Sugar
12/1/10,28.04090909,Cents per Pound,Sugar
11/1/10,26.42047619,Cents per Pound,Sugar
10/1/10,26.94380952,Cents per Pound,Sugar
9/1/10,22.66952381,Cents per Pound,Sugar
8/1/10,18.60363636,Cents per Pound,Sugar
7/1/10,17.69,Cents per Pound,Sugar
6/1/10,16.3,Cents per Pound,Sugar
5/1/10,15.105,Cents per Pound,Sugar
4/1/10,16.88571429,Cents per Pound,Sugar
3/1/10,18.14782609,Cents per Pound,Sugar
2/1/10,21.97894737,Cents per Pound,Sugar
1/1/10,21.90526316,Cents per Pound,Sugar
12/1/09,24.90272727,Cents per Pound,Sugar
11/1/09,22.769,Cents per Pound,Sugar
10/1/09,23.16090909,Cents per Pound,Sugar
9/1/09,23.45142857,Cents per Pound,Sugar
8/1/09,21.72,Cents per Pound,Sugar
7/1/09,17.80454545,Cents per Pound,Sugar
6/1/09,16.57590909,Cents per Pound,Sugar
5/1/09,15.466,Cents per Pound,Sugar
4/1/09,13.46952381,Cents per Pound,Sugar
3/1/09,12.92818182,Cents per Pound,Sugar
2/1/09,13.31210526,Cents per Pound,Sugar
1/1/09,12.244,Cents per Pound,Sugar
12/1/08,11.32,Cents per Pound,Sugar
11/1/08,11.82842105,Cents per Pound,Sugar
10/1/08,11.70217391,Cents per Pound,Sugar
9/1/08,14.02047619,Cents per Pound,Sugar
8/1/08,13.68142857,Cents per Pound,Sugar
7/1/08,13.20772727,Cents per Pound,Sugar
6/1/08,12.0652381,Cents per Pound,Sugar
5/1/08,10.9347619,Cents per Pound,Sugar
4/1/08,12.52272727,Cents per Pound,Sugar
3/1/08,12.8765,Cents per Pound,Sugar
2/1/08,13.6075,Cents per Pound,Sugar
1/1/08,11.65952381,Cents per Pound,Sugar
12/1/07,10.44631579,Cents per Pound,Sugar
11/1/07,9.896,Cents per Pound,Sugar
10/1/07,9.994782609,Cents per Pound,Sugar
9/1/07,9.851052632,Cents per Pound,Sugar
8/1/07,9.613043478,Cents per Pound,Sugar
7/1/07,9.895714286,Cents per Pound,Sugar
6/1/07,9.26047619,Cents per Pound,Sugar
5/1/07,9.086363636,Cents per Pound,Sugar
4/1/07,9.594,Cents per Pound,Sugar
3/1/07,10.36681818,Cents per Pound,Sugar
2/1/07,10.57157895,Cents per Pound,Sugar
1/1/07,10.9035,Cents per Pound,Sugar
12/1/06,11.6965,Cents per Pound,Sugar
11/1/06,11.732,Cents per Pound,Sugar
10/1/06,11.50909091,Cents per Pound,Sugar
9/1/06,12.3135,Cents per Pound,Sugar
8/1/06,12.97956522,Cents per Pound,Sugar
7/1/06,15.857,Cents per Pound,Sugar
6/1/06,15.68909091,Cents per Pound,Sugar
5/1/06,16.90045455,Cents per Pound,Sugar
4/1/06,17.46263158,Cents per Pound,Sugar
3/1/06,17.08217391,Cents per Pound,Sugar
2/1/06,18.05263158,Cents per Pound,Sugar
1/1/06,16.187,Cents per Pound,Sugar
12/1/05,13.92714286,Cents per Pound,Sugar
11/1/05,11.808,Cents per Pound,Sugar
10/1/05,11.61285714,Cents per Pound,Sugar
9/1/05,10.81047619,Cents per Pound,Sugar
8/1/05,9.875217391,Cents per Pound,Sugar
7/1/05,9.5975,Cents per Pound,Sugar
6/1/05,9.033181818,Cents per Pound,Sugar
5/1/05,8.511428571,Cents per Pound,Sugar
4/1/05,8.525714286,Cents per Pound,Sugar
3/1/05,8.895,Cents per Pound,Sugar
2/1/05,9.323684211,Cents per Pound,Sugar
1/1/05,8.922,Cents per Pound,Sugar
12/1/04,8.795238095,Cents per Pound,Sugar
11/1/04,8.666,Cents per Pound,Sugar
10/1/04,8.963809524,Cents per Pound,Sugar
9/1/04,8.674285714,Cents per Pound,Sugar
8/1/04,7.879090909,Cents per Pound,Sugar
7/1/04,8.165714286,Cents per Pound,Sugar
6/1/04,7.514285714,Cents per Pound,Sugar
5/1/04,6.6225,Cents per Pound,Sugar
4/1/04,6.86047619,Cents per Pound,Sugar
3/1/04,6.496086957,Cents per Pound,Sugar
2/1/04,5.873157895,Cents per Pound,Sugar
1/1/04,6.030526316,Cents per Pound,Sugar
12/1/03,6.343809524,Cents per Pound,Sugar
11/1/03,6.191111111,Cents per Pound,Sugar
10/1/03,6.09826087,Cents per Pound,Sugar
9/1/03,6.271428571,Cents per Pound,Sugar
8/1/03,6.709047619,Cents per Pound,Sugar
7/1/03,6.732272727,Cents per Pound,Sugar
6/1/03,6.404761905,Cents per Pound,Sugar
5/1/03,7.013809524,Cents per Pound,Sugar
4/1/03,7.261904762,Cents per Pound,Sugar
3/1/03,7.843333333,Cents per Pound,Sugar
2/1/03,8.348333333,Cents per Pound,Sugar
1/1/03,7.89047619,Cents per Pound,Sugar
12/1/02,7.508,Cents per Pound,Sugar
11/1/02,7.296842105,Cents per Pound,Sugar
10/1/02,7.02,Cents per Pound,Sugar
9/1/02,6.4095,Cents per Pound,Sugar
8/1/02,5.856818182,Cents per Pound,Sugar
7/1/02,5.794761905,Cents per Pound,Sugar
6/1/02,5.246,Cents per Pound,Sugar
5/1/02,5.611818182,Cents per Pound,Sugar
4/1/02,5.178181818,Cents per Pound,Sugar
3/1/02,5.9245,Cents per Pound,Sugar
2/1/02,5.683157895,Cents per Pound,Sugar
1/1/02,7.313809524,Cents per Pound,Sugar
12/1/01,7.41,Cents per Pound,Sugar
11/1/01,7.278,Cents per Pound,Sugar
10/1/01,6.596086957,Cents per Pound,Sugar
9/1/01,7.160666667,Cents per Pound,Sugar
8/1/01,7.904347826,Cents per Pound,Sugar
7/1/01,8.536190476,Cents per Pound,Sugar
6/1/01,8.742857143,Cents per Pound,Sugar
5/1/01,8.959545455,Cents per Pound,Sugar
4/1/01,8.052105263,Cents per Pound,Sugar
3/1/01,8.716818182,Cents per Pound,Sugar
2/1/01,9.3625,Cents per Pound,Sugar
1/1/01,10.05952381,Cents per Pound,Sugar
12/1/00,9.7175,Cents per Pound,Sugar
11/1/00,9.5135,Cents per Pound,Sugar
10/1/00,10.41318182,Cents per Pound,Sugar
9/1/00,9.8575,Cents per Pound,Sugar
8/1/00,10.59782609,Cents per Pound,Sugar
7/1/00,9.64047619,Cents per Pound,Sugar
6/1/00,8.334545455,Cents per Pound,Sugar
5/1/00,6.780869565,Cents per Pound,Sugar
4/1/00,6.011,Cents per Pound,Sugar
3/1/00,5.1112,Cents per Pound,Sugar
2/1/00,5.351,Cents per Pound,Sugar
1/1/00,5.6295,Cents per Pound,Sugar
12/1/99,5.982,Cents per Pound,Sugar
11/1/99,6.505,Cents per Pound,Sugar
10/1/99,6.754285714,Cents per Pound,Sugar
9/1/99,6.674545455,Cents per Pound,Sugar
8/1/99,5.723478261,Cents per Pound,Sugar
7/1/99,5.378181818,Cents per Pound,Sugar
6/1/99,6.038636364,Cents per Pound,Sugar
5/1/99,5.7485,Cents per Pound,Sugar
4/1/99,5.421904762,Cents per Pound,Sugar
3/1/99,6.025217391,Cents per Pound,Sugar
2/1/99,6.8155,Cents per Pound,Sugar
1/1/99,8.109000206,Cents per Pound,Sugar
12/1/98,8.076818466,Cents per Pound,Sugar
11/1/98,8.061429024,Cents per Pound,Sugar
10/1/98,7.46272707,Cents per Pound,Sugar
9/1/98,7.229090691,Cents per Pound,Sugar
8/1/98,8.482380867,Cents per Pound,Sugar
7/1/98,8.624761581,Cents per Pound,Sugar
6/1/98,8.098636627,Cents per Pound,Sugar
5/1/98,9.225500107,Cents per Pound,Sugar
4/1/98,9.676817894,Cents per Pound,Sugar
3/1/98,9.842272758,Cents per Pound,Sugar
2/1/98,10.71949959,Cents per Pound,Sugar
1/1/98,11.51850033,Cents per Pound,Sugar
12/1/97,12.32666683,Cents per Pound,Sugar
11/1/97,12.01200008,Cents per Pound,Sugar
10/1/97,11.38227272,Cents per Pound,Sugar
9/1/97,11.33136368,Cents per Pound,Sugar
8/1/97,11.70142841,Cents per Pound,Sugar
7/1/97,11.57217407,Cents per Pound,Sugar
6/1/97,11.42904758,Cents per Pound,Sugar
5/1/97,11.12818146,Cents per Pound,Sugar
4/1/97,11.29909134,Cents per Pound,Sugar
3/1/97,11.14099979,Cents per Pound,Sugar
2/1/97,10.81299973,Cents per Pound,Sugar
1/1/97,10.69190502,Cents per Pound,Sugar
12/1/96,10.73799992,Cents per Pound,Sugar
11/1/96,10.72476196,Cents per Pound,Sugar
10/1/96,11.12391281,Cents per Pound,Sugar
9/1/96,11.91571426,Cents per Pound,Sugar
8/1/96,12.36636353,Cents per Pound,Sugar
7/1/96,12.80695629,Cents per Pound,Sugar
6/1/96,12.17399979,Cents per Pound,Sugar
5/1/96,11.37772751,Cents per Pound,Sugar
4/1/96,11.98380947,Cents per Pound,Sugar
3/1/96,12.89904785,Cents per Pound,Sugar
2/1/96,12.81857109,Cents per Pound,Sugar
1/1/96,12.53363609,Cents per Pound,Sugar
12/1/95,12.31000042,Cents per Pound,Sugar
11/1/95,11.98409081,Cents per Pound,Sugar
10/1/95,11.83727264,Cents per Pound,Sugar
9/1/95,11.68999958,Cents per Pound,Sugar
8/1/95,12.98086929,Cents per Pound,Sugar
7/1/95,13.59238052,Cents per Pound,Sugar
6/1/95,14.02045441,Cents per Pound,Sugar
5/1/95,13.52227306,Cents per Pound,Sugar
4/1/95,13.60526276,Cents per Pound,Sugar
3/1/95,14.5934782,Cents per Pound,Sugar
2/1/95,14.40750027,Cents per Pound,Sugar
1/1/95,14.79500008,Cents per Pound,Sugar
12/1/94,14.67476177,Cents per Pound,Sugar
11/1/94,13.92590904,Cents per Pound,Sugar
10/1/94,12.75809479,Cents per Pound,Sugar
9/1/94,12.59409046,Cents per Pound,Sugar
8/1/94,12.09478283,Cents per Pound,Sugar
7/1/94,11.77428532,Cents per Pound,Sugar
6/1/94,12.04818153,Cents per Pound,Sugar
5/1/94,11.57999992,Cents per Pound,Sugar
4/1/94,11.01350021,Cents per Pound,Sugar
3/1/94,11.72913074,Cents per Pound,Sugar
2/1/94,10.82250023,Cents per Pound,Sugar
1/1/94,10.29904747,Cents per Pound,Sugar
12/1/93,10.52260876,Cents per Pound,Sugar
11/1/93,10.07409096,Cents per Pound,Sugar
10/1/93,10.29476166,Cents per Pound,Sugar
9/1/93,9.535908699,Cents per Pound,Sugar
8/1/93,9.342272758,Cents per Pound,Sugar
7/1/93,9.675000191,Cents per Pound,Sugar
6/1/93,10.39863682,Cents per Pound,Sugar
5/1/93,11.82800007,Cents per Pound,Sugar
4/1/93,11.15380955,Cents per Pound,Sugar
3/1/93,10.62478256,Cents per Pound,Sugar
2/1/93,8.559499741,Cents per Pound,Sugar
1/1/93,8.237999916,Cents per Pound,Sugar
12/1/92,8.148636818,Cents per Pound,Sugar
11/1/92,8.559524536,Cents per Pound,Sugar
10/1/92,8.70545578,Cents per Pound,Sugar
9/1/92,9.312274933,Cents per Pound,Sugar
8/1/92,9.864761353,Cents per Pound,Sugar
7/1/92,10.31217575,Cents per Pound,Sugar
6/1/92,10.34772873,Cents per Pound,Sugar
5/1/92,9.613334656,Cents per Pound,Sugar
4/1/92,9.455715179,Cents per Pound,Sugar
3/1/92,8.250453949,Cents per Pound,Sugar
2/1/92,7.842999935,Cents per Pound,Sugar
1/1/92,8.424091339,Cents per Pound,Sugar
12/1/91,9.001903534,Cents per Pound,Sugar
11/1/91,8.63299942,Cents per Pound,Sugar
10/1/91,9.125881195,Cents per Pound,Sugar
9/1/91,9.295501709,Cents per Pound,Sugar
8/1/91,9.588298798,Cents per Pound,Sugar
7/1/91,10.3219986,Cents per Pound,Sugar
6/1/91,9.200000763,Cents per Pound,Sugar
5/1/91,7.588099957,Cents per Pound,Sugar
4/1/91,8.509998322,Cents per Pound,Sugar
3/1/91,9.13999939,Cents per Pound,Sugar
2/1/91,8.509998322,Cents per Pound,Sugar
1/1/91,8.799999237,Cents per Pound,Sugar
12/1/90,9.740001678,Cents per Pound,Sugar
11/1/90,10.06000137,Cents per Pound,Sugar
10/1/90,9.38999939,Cents per Pound,Sugar
9/1/90,11.02000046,Cents per Pound,Sugar
8/1/90,10.93000031,Cents per Pound,Sugar
7/1/90,12,Cents per Pound,Sugar
6/1/90,12.97000122,Cents per Pound,Sugar
5/1/90,14.61999893,Cents per Pound,Sugar
4/1/90,15.24000168,Cents per Pound,Sugar
3/1/90,15.31000137,Cents per Pound,Sugar
2/1/90,14.65000153,Cents per Pound,Sugar
1/1/90,14.20000076,Cents per Pound,Sugar